{
    "result": {
        "objects": [
            {
                "modelClass": "",
                "isProjection": false,
                "trackId": "aeDZ1amDWfi8pnUk",
                "trackName": "1",
                "invisibleFlag": false,
                "attrs": {},
                "points": [],
                "size3D": {
                    "x": 4.018457393580416,
                    "y": 1.9336769759570158,
                    "z": 1.7499423295259475
                },
                "frontId": "D311C6FF-7AED-4271-9611-ED45C0EFC9D4",
                "resultStatus": "True_value",
                "pointN": 2047,
                "center3D": {
                    "x": -6.495298051288213,
                    "y": -0.9875404676236188,
                    "z": 0.7400177583098412
                },
                "modelRun": "",
                "id": "589492BD-8BB0-4C2C-8E3A-D1F6DBF4E9B7",
                "modelRunLabel": "",
                "rotation3D": {
                    "x": 0,
                    "y": 0,
                    "z": 0.7341610110566134
                },
                "objType": "3d",
                "resultType": "Dynamic",
                "classType": ""
            }
        ]
    }
}