[
    {
        "camera_internal": {
            "fx": 933.4667,
            "fy": 934.6754,
            "cx": 896.4692,
            "cy": 507.3557
        },
        "width": 1920,
        "height": 1080,
        "camera_external": [
            -0.7209479393140598,
            -0.04004438206239668,
            -0.6918312773097581,
            0,
            0.6911177056736608,
            0.0317737123271339,
            -0.7220434530617444,
            0,
            0.05089583188421044,
            -0.9986925846676711,
            0.004768189029478265,
            0,
            0.009297776700688867,
            1.6581292167169648,
            -1.0197515012137728,
            1
        ],
        "rowMajor": false
    },
    {
        "camera_internal": {
            "fx": 1970.0131,
            "fy": 1970.0091,
            "cx": 970.0002,
            "cy": 483.2988
        },
        "width": 1920,
        "height": 1080,
        "camera_external": [
            0.7037466294659224,
            -0.02424255992278805,
            0.7100373087407055,
            0,
            -0.7095603012444518,
            0.026046742130607387,
            0.7041631530563531,
            0,
            -0.03556487611726782,
            -0.9993667322423597,
            0.0011287488612326888,
            0,
            -0.038068606861799734,
            1.811118589534959,
            -0.4764508461389569,
            1
        ],
        "rowMajor": false
    },
    {
        "camera_internal": {
            "fx": 929.8429,
            "fy": 930.0592,
            "cx": 972.1794,
            "cy": 508.0057
        },
        "width": 1920,
        "height": 1080,
        "camera_external": [
            0.9765126396224978,
            -0.042080752868277886,
            -0.21131084897737923,
            0,
            0.21299138268969714,
            0.04049482740394383,
            0.976214546016118,
            0,
            -0.03252284669940257,
            -0.9982932330691034,
            0.04850654853732058,
            0,
            -0.5441551656859106,
            1.5350787324621262,
            -1.111399110364769,
            0.9999999999999998
        ],
        "rowMajor": false
    },
    {
        "camera_internal": {
            "fx": 930.0407,
            "fy": 930.0324,
            "cx": 965.0525,
            "cy": 463.4161
        },
        "width": 1920,
        "height": 1080,
        "camera_external": [
            -0.23055409435337143,
            -0.02227014530938176,
            0.9728046310564091,
            0,
            -0.9723581939094591,
            0.043222677614951056,
            -0.22945880431338725,
            0,
            -0.03693714003590668,
            -0.9988172209006478,
            -0.03161972356417477,
            0,
            0.7005865413226791,
            1.5832240856415398,
            -1.167554216301964,
            1
        ],
        "rowMajor": false
    }
]