[
    {
        "camera_internal": {
            "fx": 933.4667,
            "fy": 934.6754,
            "cx": 896.4692,
            "cy": 507.3557
        },
        "width": 1920,
        "height": 1080,
        "camera_external": [
            -0.7219473964188733,
            -0.037360277946670434,
            -0.6909386126391829,
            0,
            0.6901982895050206,
            0.032083777518412744,
            -0.7229086749960146,
            0,
            0.04917598975470679,
            -0.9987866843585256,
            0.002623200287523291,
            0,
            0.031611575231453866,
            1.6716149844563615,
            -0.2511572367858791,
            1
        ],
        "rowMajor": false
    },
    {
        "camera_internal": {
            "fx": 1970.0131,
            "fy": 1970.0091,
            "cx": 970.0002,
            "cy": 483.2988
        },
        "width": 1920,
        "height": 1080,
        "camera_external": [
            0.7051394222924754,
            -0.0180207426148613,
            0.7088396489789798,
            0,
            -0.7084330369022022,
            0.02441466919524905,
            0.7053556238902545,
            0,
            -0.030017117692369553,
            -0.999539482343592,
            0.004449256313920562,
            0,
            -0.04097548763149022,
            1.81833038606053,
            -1.2526879861136393,
            1
        ],
        "rowMajor": false
    },
    {
        "camera_internal": {
            "fx": 929.8429,
            "fy": 930.0592,
            "cx": 972.1794,
            "cy": 508.0057
        },
        "width": 1920,
        "height": 1080,
        "camera_external": [
            0.976339043119849,
            -0.0366490206684139,
            -0.21311715595855654,
            0,
            0.21450242923231905,
            0.03925846676423325,
            0.9759341579434321,
            0,
            -0.027400378341393014,
            -0.9985567695786594,
            0.04619087783730417,
            0,
            -1.1989164797033038,
            1.5445108525867663,
            -1.5254163752131111,
            0.9999999999999999
        ],
        "rowMajor": false
    },
    {
        "camera_internal": {
            "fx": 930.0407,
            "fy": 930.0324,
            "cx": 965.0525,
            "cy": 463.4161
        },
        "width": 1920,
        "height": 1080,
        "camera_external": [
            -0.22860804242309882,
            -0.015775839594343456,
            0.973390715912461,
            0,
            -0.9728248219336718,
            0.04144199212142856,
            -0.22780348355266214,
            0,
            -0.03674545916435676,
            -0.9990163583115654,
            -0.02482110103721509,
            0,
            1.3590744730724023,
            1.5795259062009301,
            -1.5814141371236683,
            1
        ],
        "rowMajor": false
    }
]