[
    {
        "camera_internal": {
            "fx": 933.4667,
            "fy": 934.6754,
            "cx": 896.4692,
            "cy": 507.3557
        },
        "width": 1920,
        "height": 1080,
        "camera_external": [
            -0.7238547744766981,
            -0.029248726087336,
            -0.6893321242257286,
            0,
            0.6886966152247914,
            0.0296215285722134,
            -0.7244442954589129,
            0,
            0.04160814397690772,
            -0.9991331628303171,
            -0.0012981862283087903,
            0,
            0.05510422286400709,
            1.6700331149363121,
            0.5320239353577038,
            1
        ],
        "rowMajor": false
    },
    {
        "camera_internal": {
            "fx": 1970.0131,
            "fy": 1970.0091,
            "cx": 970.0002,
            "cy": 483.2988
        },
        "width": 1920,
        "height": 1080,
        "camera_external": [
            0.7069623943127186,
            -0.010974516880259506,
            0.7071659868848849,
            0,
            -0.7068107023127711,
            0.024318518706162768,
            0.7069846113912703,
            0,
            -0.024956043832219246,
            -0.9996440214532285,
            0.009435372226967937,
            0,
            -0.0435391651632532,
            1.8053794650555517,
            -2.0430273138036337,
            1
        ],
        "rowMajor": false
    },
    {
        "camera_internal": {
            "fx": 929.8429,
            "fy": 930.0592,
            "cx": 972.1794,
            "cy": 508.0057
        },
        "width": 1920,
        "height": 1080,
        "camera_external": [
            0.9760219490207401,
            -0.02940735550380532,
            -0.21567652276506302,
            0,
            0.21671812487474512,
            0.038617780678477355,
            0.9754701027536639,
            0,
            -0.020357047441372667,
            -0.9988212424942423,
            0.04406490850697262,
            0,
            -1.8658231479960166,
            1.5348777505364837,
            -1.9468056269128375,
            1
        ],
        "rowMajor": false
    },
    {
        "camera_internal": {
            "fx": 930.0407,
            "fy": 930.0324,
            "cx": 965.0525,
            "cy": 463.4161
        },
        "width": 1920,
        "height": 1080,
        "camera_external": [
            -0.226160110822516,
            -0.009123156017623524,
            0.9740474178894097,
            0,
            -0.973320912458716,
            0.04184832918184805,
            -0.22559946523700117,
            0,
            -0.03870407786371577,
            -0.9990823216176766,
            -0.018344181305080677,
            0,
            2.0293222549746823,
            1.5548402059164048,
            -2.0024794467865057,
            1
        ],
        "rowMajor": false
    }
]