[
    {
        "camera_internal": {
            "fx": 933.4667,
            "fy": 934.6754,
            "cx": 896.4692,
            "cy": 507.3557
        },
        "width": 1920,
        "height": 1080,
        "camera_external": [
            -0.7256692482632726,
            -0.023901515789431126,
            -0.6876284313988069,
            0,
            0.6869403753324761,
            0.03140672758022687,
            -0.7260348050891072,
            0,
            0.03894949117887479,
            -0.9992208639763627,
            -0.006371980166145528,
            0,
            0.07687598490268396,
            1.6559162246669288,
            1.3261051134421031,
            1
        ],
        "rowMajor": false
    },
    {
        "camera_internal": {
            "fx": 1970.0131,
            "fy": 1970.0091,
            "cx": 970.0002,
            "cy": 483.2988
        },
        "width": 1920,
        "height": 1080,
        "camera_external": [
            0.7086562796530936,
            -0.005900875917192138,
            0.7055292034860401,
            0,
            -0.705180998130296,
            0.026582258468186487,
            0.7085288585588382,
            0,
            -0.02293550052202523,
            -0.9996292128575177,
            0.01467649882171335,
            0,
            -0.04694673019936325,
            1.7802527713947758,
            -2.844004581673898,
            1
        ],
        "rowMajor": false
    },
    {
        "camera_internal": {
            "fx": 929.8429,
            "fy": 930.0592,
            "cx": 972.1794,
            "cy": 508.0057
        },
        "width": 1920,
        "height": 1080,
        "camera_external": [
            0.9756241463339772,
            -0.024308168733842114,
            -0.21809777170550174,
            0,
            0.21894783138864657,
            0.04074530825089053,
            0.974885463521612,
            0,
            -0.014811219406480228,
            -0.9988738322672923,
            0.04507432740869384,
            0,
            -2.5420240075272145,
            1.5129649436148105,
            -2.3735447456337693,
            1
        ],
        "rowMajor": false
    },
    {
        "camera_internal": {
            "fx": 930.0407,
            "fy": 930.0324,
            "cx": 965.0525,
            "cy": 463.4161
        },
        "width": 1920,
        "height": 1080,
        "camera_external": [
            -0.22381465574342593,
            -0.004185155710801583,
            0.9746227394977648,
            0,
            -0.973728978086213,
            0.04399037366213234,
            -0.2234205099364098,
            0,
            -0.04193896886704697,
            -0.9990231886681822,
            -0.013920897730625157,
            0,
            2.707552135447697,
            1.5187320182200255,
            -2.4304067039778006,
            1
        ],
        "rowMajor": false
    }
]