[
    {
        "camera_internal": {
            "fx": 933.4667,
            "fy": 934.6754,
            "cx": 896.4692,
            "cy": 507.3557
        },
        "width": 1920,
        "height": 1080,
        "camera_external": [
            -0.7270441599218179,
            -0.01970878530654027,
            -0.6863077686470683,
            0,
            0.685573162563713,
            0.033561216629891685,
            -0.727229732279085,
            0,
            0.03736613836036299,
            -0.9992423172184322,
            -0.010888672277739413,
            0,
            0.10750564678441926,
            1.6378966831433572,
            2.1351217209568945,
            1
        ],
        "rowMajor": false
    },
    {
        "camera_internal": {
            "fx": 1970.0131,
            "fy": 1970.0091,
            "cx": 970.0002,
            "cy": 483.2988
        },
        "width": 1920,
        "height": 1080,
        "camera_external": [
            0.7095631121271653,
            -0.004152697073786493,
            0.7046296509624226,
            0,
            -0.7042589450058242,
            0.028783905558222352,
            0.7093594470789121,
            0,
            -0.023227748226973172,
            -0.9995770314927356,
            0.017499423546952903,
            0,
            -0.05611552429371485,
            1.7614960282298353,
            -3.659280243734081,
            1
        ],
        "rowMajor": false
    },
    {
        "camera_internal": {
            "fx": 929.8429,
            "fy": 930.0592,
            "cx": 972.1794,
            "cy": 508.0057
        },
        "width": 1920,
        "height": 1080,
        "camera_external": [
            0.9753600669205925,
            -0.02205006636726159,
            -0.21951431486319248,
            0,
            0.22028875729726347,
            0.0429172638601429,
            0.9744901086574386,
            0,
            -0.012066617798074386,
            -0.9988352732237473,
            0.04671716706904387,
            0,
            -3.233772547414134,
            1.495205223608208,
            -2.8027516909884915,
            1
        ],
        "rowMajor": false
    },
    {
        "camera_internal": {
            "fx": 930.0407,
            "fy": 930.0324,
            "cx": 965.0525,
            "cy": 463.4161
        },
        "width": 1920,
        "height": 1080,
        "camera_external": [
            -0.22277363668985184,
            -0.0031566785068854668,
            0.9748650892183915,
            0,
            -0.9738608942485469,
            0.04621294301033634,
            -0.22239452005781093,
            0,
            -0.0443493568093005,
            -0.9989266235710849,
            -0.01336919113012443,
            0,
            3.3957092954640125,
            1.4914863566469065,
            -2.8694353095614815,
            1
        ],
        "rowMajor": false
    }
]