[
    {
        "camera_internal": {
            "fx": 933.4667,
            "fy": 934.6754,
            "cx": 896.4692,
            "cy": 507.3557
        },
        "width": 1920,
        "height": 1080,
        "camera_external": [
            -0.7272231641031341,
            -0.020744683025837606,
            -0.6860875510588901,
            0,
            0.6852419491875996,
            0.03612364233900321,
            -0.7274191044629936,
            0,
            0.039874060056717765,
            -0.9991319935775863,
            -0.012054822448796744,
            0,
            0.13077821161600103,
            1.6326637921996714,
            2.9561724320084637,
            0.9999999999999998
        ],
        "rowMajor": false
    },
    {
        "camera_internal": {
            "fx": 1970.0131,
            "fy": 1970.0091,
            "cx": 970.0002,
            "cy": 483.2988
        },
        "width": 1920,
        "height": 1080,
        "camera_external": [
            0.709209587483353,
            -0.006156276322253234,
            0.7049708230015882,
            0,
            -0.7045658145816494,
            0.02880716989606757,
            0.7090537073349784,
            0,
            -0.0246733448196499,
            -0.9995660294469917,
            0.01609281923677471,
            0,
            -0.05464066131984196,
            1.764541629988307,
            -4.485819733646654,
            1
        ],
        "rowMajor": false
    },
    {
        "camera_internal": {
            "fx": 929.8429,
            "fy": 930.0592,
            "cx": 972.1794,
            "cy": 508.0057
        },
        "width": 1920,
        "height": 1080,
        "camera_external": [
            0.9753965143917707,
            -0.023840449055082744,
            -0.2191649440518177,
            0,
            0.22003167396941423,
            0.04349514828145272,
            0.9745225674791697,
            0,
            -0.013700443883385349,
            -0.9987691450304357,
            0.047670669940454616,
            0,
            -3.9295599823868415,
            1.4970516813889194,
            -3.246850602393913,
            1
        ],
        "rowMajor": false
    },
    {
        "camera_internal": {
            "fx": 930.0407,
            "fy": 930.0324,
            "cx": 965.0525,
            "cy": 463.4161
        },
        "width": 1920,
        "height": 1080,
        "camera_external": [
            -0.22327658766711064,
            -0.0049019200661605,
            0.9747428053488765,
            0,
            -0.9737904927889511,
            0.045598822039505604,
            -0.22282913539854451,
            0,
            -0.043354833105257104,
            -0.9989478057477658,
            -0.01495459254345978,
            0,
            4.0986947215136205,
            1.4856223920456617,
            -3.305907171511245,
            1
        ],
        "rowMajor": false
    }
]