[
    {
        "camera_internal": {
            "fx": 933.4667,
            "fy": 934.6754,
            "cx": 896.4692,
            "cy": 507.3557
        },
        "width": 1920,
        "height": 1080,
        "camera_external": [
            -0.7268538797341816,
            -0.022096656900848465,
            -0.6864365777471179,
            0,
            0.6856912238048899,
            0.033221036904390974,
            -0.7271340373713433,
            0,
            0.038871366226584304,
            -0.9992037332100017,
            -0.008995355850409713,
            0,
            0.15173385976550147,
            1.6541041843295992,
            3.7858689006212227,
            1
        ],
        "rowMajor": false
    },
    {
        "camera_internal": {
            "fx": 1970.0131,
            "fy": 1970.0091,
            "cx": 970.0002,
            "cy": 483.2988
        },
        "width": 1920,
        "height": 1080,
        "camera_external": [
            0.7090934722050466,
            -0.005577513835208811,
            0.7050924329586928,
            0,
            -0.7047825006244733,
            0.025075694862290873,
            0.7089801381849048,
            0,
            -0.021635029228196767,
            -0.9996699959819695,
            0.013850077389810122,
            0,
            -0.05586761922177814,
            1.7809115951106154,
            -5.319471164371612,
            1.0000000000000002
        ],
        "rowMajor": false
    },
    {
        "camera_internal": {
            "fx": 929.8429,
            "fy": 930.0592,
            "cx": 972.1794,
            "cy": 508.0057
        },
        "width": 1920,
        "height": 1080,
        "camera_external": [
            0.9754522629139286,
            -0.023676320837429335,
            -0.2189344984411979,
            0,
            0.21974409304842943,
            0.039947507845510204,
            0.9747393139641266,
            0,
            -0.014332353136137798,
            -0.9989212323544515,
            0.04416961857481934,
            0,
            -4.6322314158192714,
            1.5153799460193838,
            -3.6939082675049812,
            1
        ],
        "rowMajor": false
    },
    {
        "camera_internal": {
            "fx": 930.0407,
            "fy": 930.0324,
            "cx": 965.0525,
            "cy": 463.4161
        },
        "width": 1920,
        "height": 1080,
        "camera_external": [
            -0.223344749025346,
            -0.003778618507663441,
            0.9747321914890149,
            0,
            -0.973923803080108,
            0.0417671337474216,
            -0.22299760611384015,
            0,
            -0.03986914692821218,
            -0.9991202272903388,
            -0.013008556511697888,
            0,
            4.8061671227568095,
            1.4899543795207784,
            -3.74852610185055,
            1.0000000000000002
        ],
        "rowMajor": false
    }
]