[
    {
        "camera_internal": {
            "fx": 933.4667,
            "fy": 934.6754,
            "cx": 896.4692,
            "cy": 507.3557
        },
        "width": 1920,
        "height": 1080,
        "camera_external": [
            -0.7273838019897233,
            -0.010943344175433634,
            -0.6861436058298834,
            0,
            0.6857637021843864,
            0.025296393655494253,
            -0.7273845181431836,
            0,
            0.025316977887196047,
            -0.9996200956794962,
            -0.010895638777739438,
            0,
            0.20214039223908706,
            1.6596851140094824,
            5.465305905713973,
            1
        ],
        "rowMajor": false
    },
    {
        "camera_internal": {
            "fx": 1970.0131,
            "fy": 1970.0091,
            "cx": 970.0002,
            "cy": 483.2988
        },
        "width": 1920,
        "height": 1080,
        "camera_external": [
            0.7094454337519979,
            0.0072281932833936895,
            0.7047233001329659,
            0,
            -0.7046984867654357,
            0.020526400380835662,
            0.7092099193031025,
            0,
            -0.00933912624101088,
            -0.9997631820132534,
            0.01965605789040443,
            0,
            -0.06090483571235597,
            1.748503791144812,
            -7.0078713405209,
            1
        ],
        "rowMajor": false
    },
    {
        "camera_internal": {
            "fx": 929.8429,
            "fy": 930.0592,
            "cx": 972.1794,
            "cy": 508.0057
        },
        "width": 1920,
        "height": 1080,
        "camera_external": [
            0.9755130404369402,
            -0.011234721455278542,
            -0.21965447632884574,
            0,
            0.2199162769647504,
            0.03466915216879195,
            0.9749024982088526,
            0,
            -0.0033375235490304403,
            -0.9993356948101678,
            0.03629090815673005,
            0,
            -6.058020030963424,
            1.493121348780722,
            -4.595098819052133,
            1
        ],
        "rowMajor": false
    },
    {
        "camera_internal": {
            "fx": 930.0407,
            "fy": 930.0324,
            "cx": 965.0525,
            "cy": 463.4161
        },
        "width": 1920,
        "height": 1080,
        "camera_external": [
            -0.22259990185058434,
            0.008944523366030903,
            0.9748688523067426,
            0,
            -0.974127025936197,
            0.03802470831965003,
            -0.2227793951376696,
            0,
            -0.03906175926415532,
            -0.9992367672673783,
            0.0002488056051168644,
            0,
            6.237054069898467,
            1.430574983682039,
            -4.646985567768616,
            0.9999999999999999
        ],
        "rowMajor": false
    }
]