[
    {
        "camera_internal": {
            "fx": 933.4667,
            "fy": 934.6754,
            "cx": 896.4692,
            "cy": 507.3557
        },
        "width": 1920,
        "height": 1080,
        "camera_external": [
            -0.7276576796617404,
            -0.006360030289688431,
            -0.6859109645165384,
            0,
            0.6855218200519068,
            0.02818756864796298,
            -0.7275062166101666,
            0,
            0.023961123972278054,
            -0.9995824183069806,
            -0.01615096125791124,
            0,
            0.22533258015692692,
            1.62537745475006,
            6.321460650333041,
            1
        ],
        "rowMajor": false
    },
    {
        "camera_internal": {
            "fx": 1970.0131,
            "fy": 1970.0091,
            "cx": 970.0002,
            "cy": 483.2988
        },
        "width": 1920,
        "height": 1080,
        "camera_external": [
            0.7099337229079032,
            0.010908712799938986,
            0.7041840022772269,
            0,
            -0.7042126877880517,
            0.023582509156315403,
            0.709597319344022,
            0,
            -0.00886563232110355,
            -0.999662375628363,
            0.02442407248200538,
            0,
            -0.06595589593179266,
            1.7068831898257102,
            -7.867467775332852,
            1
        ],
        "rowMajor": false
    },
    {
        "camera_internal": {
            "fx": 929.8429,
            "fy": 930.0592,
            "cx": 972.1794,
            "cy": 508.0057
        },
        "width": 1920,
        "height": 1080,
        "camera_external": [
            0.9753947522879883,
            -0.0073682468802422334,
            -0.22034242929351125,
            0,
            0.2204627426405861,
            0.037679737017099195,
            0.9746673363387708,
            0,
            0.0011208552292362518,
            -0.9992627013734855,
            0.038377041669741124,
            0,
            -6.785122734296778,
            1.453947013812696,
            -5.052432847947219,
            1
        ],
        "rowMajor": false
    },
    {
        "camera_internal": {
            "fx": 930.0407,
            "fy": 930.0324,
            "cx": 965.0525,
            "cy": 463.4161
        },
        "width": 1920,
        "height": 1080,
        "camera_external": [
            -0.22181297966470837,
            0.012381283199863993,
            0.975010618341457,
            0,
            -0.974151573814775,
            0.041026633704855604,
            -0.22213853011363402,
            0,
            -0.04275176354797877,
            -0.99908133760629,
            0.002961006647306614,
            0,
            6.9634016555823335,
            1.3787019513206282,
            -5.1068026129915065,
            1.0000000000000002
        ],
        "rowMajor": false
    }
]