[
    {
        "camera_internal": {
            "fx": 933.4667,
            "fy": 934.6754,
            "cx": 896.4692,
            "cy": 507.3557
        },
        "width": 1920,
        "height": 1080,
        "camera_external": [
            -0.7281932371656566,
            -0.003915620271167858,
            -0.6853606913619258,
            0,
            0.6849506552483493,
            0.030895943818369853,
            -0.7279340907873671,
            0,
            0.024025178897598955,
            -0.9995149366435031,
            -0.019816210673948353,
            0,
            0.2552585462208533,
            1.5972794117409523,
            7.181779920111101,
            1
        ],
        "rowMajor": false
    },
    {
        "camera_internal": {
            "fx": 1970.0131,
            "fy": 1970.0091,
            "cx": 970.0002,
            "cy": 483.2988
        },
        "width": 1920,
        "height": 1080,
        "camera_external": [
            0.7104979121557092,
            0.012551252227397962,
            0.7035873669203441,
            0,
            -0.70365575753541,
            0.023795310310378404,
            0.7101424914019037,
            0,
            -0.007828902199354034,
            -0.9996380591367853,
            0.025738279188708545,
            0,
            -0.07460737432773061,
            1.6919526300747192,
            -8.731216359268974,
            1.0000000000000002
        ],
        "rowMajor": false
    },
    {
        "camera_internal": {
            "fx": 929.8429,
            "fy": 930.0592,
            "cx": 972.1794,
            "cy": 508.0057
        },
        "width": 1920,
        "height": 1080,
        "camera_external": [
            0.9752223538591551,
            -0.0055636395559242775,
            -0.2211569724162018,
            0,
            0.22120556186406345,
            0.03842203333408015,
            0.9744700337901013,
            0,
            0.003075700540182327,
            -0.999246112461474,
            0.03870073380209382,
            0,
            -7.51775674063346,
            1.4369750282852993,
            -5.508796419436226,
            0.9999999999999999
        ],
        "rowMajor": false
    },
    {
        "camera_internal": {
            "fx": 930.0407,
            "fy": 930.0324,
            "cx": 965.0525,
            "cy": 463.4161
        },
        "width": 1920,
        "height": 1080,
        "camera_external": [
            -0.2209506800321001,
            0.013866937178544102,
            0.9751863950274535,
            0,
            -0.974361492267911,
            0.0403643647280498,
            -0.221337751966428,
            0,
            -0.04243205602847948,
            -0.999088797912072,
            0.004592875766744382,
            0,
            7.692001890177892,
            1.3589962594695453,
            -5.571604052615291,
            1
        ],
        "rowMajor": false
    }
]