[
    {
        "camera_internal": {
            "fx": 933.4667,
            "fy": 934.6754,
            "cx": 896.4692,
            "cy": 507.3557
        },
        "width": 1920,
        "height": 1080,
        "camera_external": [
            -0.7289072526013523,
            -0.002056606457931175,
            -0.684609368527066,
            0,
            0.6843307089335907,
            0.026497686554326508,
            -0.728690162838582,
            0,
            0.019639193354110882,
            -0.9996467590990065,
            -0.017906956951253796,
            0,
            0.28925251658628415,
            1.6078972270492564,
            8.046987238967853,
            0.9999999999999999
        ],
        "rowMajor": false
    },
    {
        "camera_internal": {
            "fx": 1970.0131,
            "fy": 1970.0091,
            "cx": 970.0002,
            "cy": 483.2988
        },
        "width": 1920,
        "height": 1080,
        "camera_external": [
            0.7112045719588508,
            0.01177808463361929,
            0.7028864300491167,
            0,
            -0.7029710697297326,
            0.01823353374255189,
            0.7109846787169866,
            0,
            -0.004442065720347794,
            -0.9997643797263556,
            0.021247425314931234,
            0,
            -0.08510985996966304,
            1.726067039513422,
            -9.599549677871657,
            1
        ],
        "rowMajor": false
    },
    {
        "camera_internal": {
            "fx": 929.8429,
            "fy": 930.0592,
            "cx": 972.1794,
            "cy": 508.0057
        },
        "width": 1920,
        "height": 1080,
        "camera_external": [
            0.9750000878813971,
            -0.005780254908699712,
            -0.22212928056530146,
            0,
            0.2221978210304661,
            0.03309825283792059,
            0.974439651280874,
            0,
            0.0017195815133079471,
            -0.999435387762645,
            0.03355515947140699,
            0,
            -8.255021520589112,
            1.466831273359723,
            -5.966505577445771,
            1
        ],
        "rowMajor": false
    },
    {
        "camera_internal": {
            "fx": 930.0407,
            "fy": 930.0324,
            "cx": 965.0525,
            "cy": 463.4161
        },
        "width": 1920,
        "height": 1080,
        "camera_external": [
            -0.21991553960216284,
            0.01230245864213277,
            0.9754413385503254,
            0,
            -0.9748355184888662,
            0.03465022081192844,
            -0.22021597146944102,
            0,
            -0.036508455651192574,
            -0.9993237772158956,
            0.004372751641900976,
            0,
            8.423928240547646,
            1.3890838059129953,
            -6.040607098455178,
            0.9999999999999999
        ],
        "rowMajor": false
    }
]