[
    {
        "camera_internal": {
            "fx": 933.4667,
            "fy": 934.6754,
            "cx": 896.4692,
            "cy": 507.3557
        },
        "width": 1920,
        "height": 1080,
        "camera_external": [
            -0.7298539153048773,
            -0.007070461381023639,
            -0.683566581168214,
            0,
            0.6833322106133652,
            0.020604279342004365,
            -0.7298167945526111,
            0,
            0.019244538248355446,
            -0.9997627079705745,
            -0.010206639944245869,
            0,
            0.3216911589566412,
            1.695432788629912,
            8.915496603986638,
            1
        ],
        "rowMajor": false
    },
    {
        "camera_internal": {
            "fx": 1970.0131,
            "fy": 1970.0091,
            "cx": 970.0002,
            "cy": 483.2988
        },
        "width": 1920,
        "height": 1080,
        "camera_external": [
            0.7124891700551217,
            0.004752451017715885,
            0.701667012737159,
            0,
            -0.7016666805301228,
            0.011667844068552487,
            0.7124098054130302,
            0,
            -0.004801248587898751,
            -0.9999206346626303,
            0.011647849066718093,
            0,
            -0.1006660074138197,
            1.8325258329333842,
            -10.470937954740124,
            1
        ],
        "rowMajor": false
    },
    {
        "camera_internal": {
            "fx": 929.8429,
            "fy": 930.0592,
            "cx": 972.1794,
            "cy": 508.0057
        },
        "width": 1920,
        "height": 1080,
        "camera_external": [
            0.9745840148881221,
            -0.012398355967157434,
            -0.22367896345848073,
            0,
            0.22393878459380526,
            0.02665372230393414,
            0.9742386770406906,
            0,
            -0.0061170809376687625,
            -0.999567836545703,
            0.028752764460927824,
            0,
            -8.99602290676107,
            1.5701829501732927,
            -6.424017231561777,
            1
        ],
        "rowMajor": false
    },
    {
        "camera_internal": {
            "fx": 930.0407,
            "fy": 930.0324,
            "cx": 965.0525,
            "cy": 463.4161
        },
        "width": 1920,
        "height": 1080,
        "camera_external": [
            -0.21824948308974357,
            0.005384542519606487,
            0.9758781531691934,
            0,
            -0.9754820917801842,
            0.027812349148760483,
            -0.21831436473806473,
            0,
            -0.028316986902162354,
            -0.9995986594312155,
            -0.0008175060249237082,
            0,
            9.156889877148034,
            1.4866546960098899,
            -6.515839026608451,
            1.0000000000000002
        ],
        "rowMajor": false
    }
]