[
    {
        "camera_internal": {
            "fx": 933.4667,
            "fy": 934.6754,
            "cx": 896.4692,
            "cy": 507.3557
        },
        "width": 1920,
        "height": 1080,
        "camera_external": [
            -0.7312611825762945,
            -0.013234758577462867,
            -0.6819691518115147,
            0,
            0.681847864004327,
            0.012867117059631767,
            -0.7313808362620061,
            0,
            0.01845462570352726,
            -0.9998296247181171,
            -0.00038513137071834397,
            0,
            0.36559437666827216,
            1.805665960410008,
            9.790266365330387,
            1.0000000000000002
        ],
        "rowMajor": false
    },
    {
        "camera_internal": {
            "fx": 1970.0131,
            "fy": 1970.0091,
            "cx": 970.0002,
            "cy": 483.2988
        },
        "width": 1920,
        "height": 1080,
        "camera_external": [
            0.7142858875921134,
            -0.001814903624125338,
            0.6998516820809837,
            0,
            -0.6998452876400438,
            0.0031475266956792715,
            0.7142875236511734,
            0,
            -0.003499164867708465,
            -0.9999933995784855,
            0.0009780821506780565,
            0,
            -0.1283046817138583,
            1.9505906142914,
            -11.35121747450734,
            1
        ],
        "rowMajor": false
    },
    {
        "camera_internal": {
            "fx": 929.8429,
            "fy": 930.0592,
            "cx": 972.1794,
            "cy": 508.0057
        },
        "width": 1920,
        "height": 1080,
        "camera_external": [
            0.973950043406866,
            -0.018911038860597487,
            -0.22597275401467548,
            0,
            0.22631197354276675,
            0.018264013028421563,
            0.9738836257270562,
            0,
            -0.014289981768431466,
            -0.9996543394780576,
            0.022068030808100568,
            0,
            -9.750358600674344,
            1.687856862898221,
            -6.8761909921712245,
            1
        ],
        "rowMajor": false
    },
    {
        "camera_internal": {
            "fx": 930.0407,
            "fy": 930.0324,
            "cx": 965.0525,
            "cy": 463.4161
        },
        "width": 1920,
        "height": 1080,
        "camera_external": [
            -0.21592431528307027,
            -0.001213320846639738,
            0.9764093495671072,
            0,
            -0.9762280634953587,
            0.01957734648714903,
            -0.21585989796306457,
            0,
            -0.018853596835615244,
            -0.9998076091714075,
            -0.005411702995811061,
            0,
            9.892302994137818,
            1.5923998216539519,
            -7.0046841353343465,
            1
        ],
        "rowMajor": false
    }
]