[
    {
        "camera_internal": {
            "fx": 933.4667,
            "fy": 934.6754,
            "cx": 896.4692,
            "cy": 507.3557
        },
        "width": 1920,
        "height": 1080,
        "camera_external": [
            -0.7327180018801311,
            -0.019945692333473625,
            -0.680240030487862,
            0,
            0.6802922056932896,
            0.005086704652952507,
            -0.7329233522741198,
            0,
            0.018078843816685005,
            -0.9997881249510383,
            0.009841778962152353,
            0,
            0.41130113144994845,
            1.937089112477932,
            10.670108478289716,
            1.0000000000000002
        ],
        "rowMajor": false
    },
    {
        "camera_internal": {
            "fx": 1970.0131,
            "fy": 1970.0091,
            "cx": 970.0002,
            "cy": 483.2988
        },
        "width": 1920,
        "height": 1080,
        "camera_external": [
            0.7155884453182001,
            -0.005378371864454526,
            0.6985014316686612,
            0,
            -0.6985216163307938,
            -0.004287956992426663,
            0.7155761070238769,
            0,
            -0.0008534903027496173,
            -0.9999763429906326,
            -0.006825321485788774,
            0,
            -0.14993936250316953,
            2.0523237843386255,
            -12.237807669124017,
            1
        ],
        "rowMajor": false
    },
    {
        "camera_internal": {
            "fx": 929.8429,
            "fy": 930.0592,
            "cx": 972.1794,
            "cy": 508.0057
        },
        "width": 1920,
        "height": 1080,
        "camera_external": [
            0.9734299077968295,
            -0.023176729790381444,
            -0.22780924872111696,
            0,
            0.22809941004210282,
            0.010723436007920977,
            0.9735787934515776,
            0,
            -0.020121474724799256,
            -0.9996738703779391,
            0.01572511171634688,
            0,
            -10.50766029632618,
            1.797453655039001,
            -7.33506384748168,
            1
        ],
        "rowMajor": false
    },
    {
        "camera_internal": {
            "fx": 930.0407,
            "fy": 930.0324,
            "cx": 965.0525,
            "cy": 463.4161
        },
        "width": 1920,
        "height": 1080,
        "camera_external": [
            -0.21419376618943645,
            -0.004267389457713414,
            0.9767818691564667,
            0,
            -0.976723931792946,
            0.012670561536724858,
            -0.21412570591424135,
            0,
            -0.011462617001059895,
            -0.9999106191343106,
            -0.006882016704915326,
            0,
            10.636081322499237,
            1.6744408835936337,
            -7.491865291565982,
            1.0000000000000002
        ],
        "rowMajor": false
    }
]