[
    {
        "camera_internal": {
            "fx": 933.4667,
            "fy": 934.6754,
            "cx": 896.4692,
            "cy": 507.3557
        },
        "width": 1920,
        "height": 1080,
        "camera_external": [
            -0.733812196566171,
            -0.02100573060908336,
            -0.6790275542658862,
            0,
            0.6791734437719513,
            0.00025582898212461074,
            -0.7339777706623553,
            0,
            0.015591454251631616,
            -0.9997793225672911,
            0.014078803969398156,
            0,
            0.4532415734582315,
            1.9963525776958817,
            11.563603217883667,
            1
        ],
        "rowMajor": false
    },
    {
        "camera_internal": {
            "fx": 1970.0131,
            "fy": 1970.0091,
            "cx": 970.0002,
            "cy": 483.2988
        },
        "width": 1920,
        "height": 1080,
        "camera_external": [
            0.716367711118338,
            -0.005064421549302022,
            0.6977045607572337,
            0,
            -0.6977226492148857,
            -0.004285153734335361,
            0.7163551788254453,
            0,
            -0.0006381533006064575,
            -0.9999779943037972,
            -0.006603307392576108,
            0,
            -0.1622319965698996,
            2.050590992973026,
            -13.138522729120412,
            0.9999999999999999
        ],
        "rowMajor": false
    },
    {
        "camera_internal": {
            "fx": 929.8429,
            "fy": 930.0592,
            "cx": 972.1794,
            "cy": 508.0057
        },
        "width": 1920,
        "height": 1080,
        "camera_external": [
            0.9731495908082438,
            -0.023172830630871444,
            -0.22900413496332542,
            0,
            0.2292731551145119,
            0.009672169151484169,
            0.973314065185407,
            0,
            -0.02033947525343177,
            -0.999684684820398,
            0.014725375443669031,
            0,
            -11.273520138638117,
            1.8102593319247475,
            -7.806782421890799,
            1
        ],
        "rowMajor": false
    },
    {
        "camera_internal": {
            "fx": 930.0407,
            "fy": 930.0324,
            "cx": 965.0525,
            "cy": 463.4161
        },
        "width": 1920,
        "height": 1080,
        "camera_external": [
            -0.2131125384566051,
            -0.003823407013352568,
            0.9770201776377977,
            0,
            -0.9769532889974352,
            0.013172006467113423,
            -0.21304640190044438,
            0,
            -0.012054752991150268,
            -0.9999059354781538,
            -0.006542409791644731,
            0,
            11.39474362782939,
            1.6544614134558264,
            -7.979341940482461,
            1
        ],
        "rowMajor": false
    }
]